"ODI","ComptEvn","Country","Event","Grade","Date_notified_to_WCO","Start_of_reporting_period","End_of_reporting_period","Total_cases","Cases_Confirmed","Deaths","CFR","New_events","Ongoing_events","Closed_events","Description","Week","Start_Week","End_Week","ISO3CODE","ID","Dashboard","Map"
1,1,"Algeria","COVID-19","Grade 3","25-Feb-2020","25-Feb-2020","16-Jan-2022",226057,226057,6412,2.84,"","Ongoing","","From 25 February 2020 to 16 January 2022, a total of 226 057 confirmed cases of COVID-19 with 6 412 deaths (CFR 2.8%) have been reported from Algeria. A total of 154 790 cases have recovered.","2022-W04",2022-01-17,2022-01-23,"DZA","COVID-19Grade 32022-W04DZA","https://who.maps.arcgis.com/apps/dashboards/0c9b3a8b68d0437a8cf28581e9c063a9",""
0,0,"Angola","COVID-19","Grade 3","21-Mar-2020","21-Mar-2020","16-Jan-2022",93694,93694,1863,1.99,"","Ongoing","","The first COVID-19 confirmed case was reported in Angola on 21 March 2020. As of 16 January 2022, a total of 93 694 confirmed COVID-19 cases have been reported in the country with 1 863 deaths and 83 256 recoveries.","2022-W04",2022-01-17,2022-01-23,"AGO","COVID-19Grade 32022-W04AGO","https://who.maps.arcgis.com/apps/dashboards/0c9b3a8b68d0437a8cf28581e9c063a9",""
1,1,"Angola","Poliomyelitis (cVDPV2)","Grade 2","8-May-2019","1-Jan-2019","24-Dec-2021",133,133,0,0,"","Ongoing","","No case of circulating vaccine-derived poliovirus type 2 (cVDPV2) was reported this week. There were 3 cases reported in 2020. The total number of cases reported in 2019 remains 130. These cases are from several outbreaks which occurred in 2019.","2022-W04",2022-01-17,2022-01-23,"AGO","Poliomyelitis (cVDPV2)Grade 22022-W04AGO"," ",""
1,1,"Benin","Cholera","Grade 1","28-Mar-2021","28-Mar-2021","2-Jan-2022",1281,33,20,1.56,"","Ongoing","","Since week 12 (ending 28 March 2021) of 2021, cases of cholera have been reported in Benin. As of 2 January 2022, a total of 1 281 cases with 20 deaths (CFR 1.6%) are reported so far.","2022-W04",2022-01-17,2022-01-23,"BEN","CholeraGrade 12022-W04BEN"," ",""
0,0,"Benin","COVID-19","Grade 3","17-Mar-2020","16-Mar-2020","9-Jan-2022",26036,26036,162,0.62,"","Ongoing","","The Ministry of Health in Benin announced the first confirmed case of COVID-19 on 16 March 2020. As of 09 January 2022, a total of 26 036 cases have been reported in the country with 162 deaths and 25 033 recoveries.","2022-W04",2022-01-17,2022-01-23,"BEN","COVID-19Grade 32022-W04BEN","https://who.maps.arcgis.com/apps/dashboards/0c9b3a8b68d0437a8cf28581e9c063a9",""
1,1,"Benin","Poliomyelitis (cVDPV2)","Grade 2","8-Aug-2019","8-Aug-2019","12-Jan-2022",14,14,0,0,"","Ongoing","","No new cases of circulating vaccine-derived poliovirus type 2 (cVDPV2) were reported this week. Three cases were reported in 2021 and 2020, and 8 in 2019. These cases are all linked to the Jigawa outbreak in Nigeria.","2022-W04",2022-01-17,2022-01-23,"BEN","Poliomyelitis (cVDPV2)Grade 22022-W04BEN"," ",""
0,0,"Botswana","COVID-19","Grade 3","30-Mar-2020","28-Mar-2020","10-Jan-2022",237678,237678,2514,1.06,"","Ongoing","","On 30 March 2020, the Minister of Health and Wellness in Botswana reported three confirmed cases of  COVID-19. As of 10 January 2022, a total of 237 678 confirmed COVID-19 cases were reported in the country including 2 514 deaths and 226 828 recovered cases.","2022-W04",2022-01-17,2022-01-23,"BWA","COVID-19Grade 32022-W04BWA","https://who.maps.arcgis.com/apps/dashboards/0c9b3a8b68d0437a8cf28581e9c063a9",""
1,1,"Burkina Faso","Humanitarian crisis","Grade 2","1-Jan-2019","1-Jan-2019","8-Dec-2021",,,,,"","Ongoing","","Since 2015, the security situation in the Sahel and East of Burkina Faso has gradually deteriorated as a result of attacks by armed groups. This has resulted in mass displacement of over 1.5 million (6.8% of the total population) internally displaced persons as of 30 November 2021 in all 13 regions. The most affected regions were Sahel and Centre-Nord. There are also some 25K refugees in the country of which the majority are from Mali. According to OCHA, 3.5 million people are in need of humanitarian assistance and 2.87 million people are food insecure as of November 2021. The security situation in Burkina Faso remains tense with a spike in forced displacement in the Centre-Nord on 30 November 2021. More than 30K people have been newly displaced from the localities of Foubè and Dablo in the Centre-Nord due attacks between NSAGs and the Burkinabe Defense and Security Forces (FDS) on 21 November 2021 in Foubè. As of 31 October 2021, 395 health facilities are affected by insecurity in the 6 regions most affected by the crisis, of which 89 (24%) are completely closed depriving more than 850K inhabitants access to health care. About 92% of closed health facilities are due to direct attacks by unidentified armed groups on health facilities.","2022-W04",2022-01-17,2022-01-23,"BFA","Humanitarian crisisGrade 22022-W04BFA"," ",""
0,0,"Burkina Faso","COVID-19","Grade 3","10-Mar-2020","9-Mar-2020","11-Jan-2022",19972,19972,339,1.7,"","Ongoing","","Between 9 March 2020 and 11 January 2022, a total of 19 972 confirmed cases of COVID-19 with 339 deaths and 18 203 recoveries have been reported from Burkina Faso.","2022-W04",2022-01-17,2022-01-23,"BFA","COVID-19Grade 32022-W04BFA","https://who.maps.arcgis.com/apps/dashboards/0c9b3a8b68d0437a8cf28581e9c063a9",""
1,1,"Burkina Faso","Poliomyelitis (cVDPV2)","Grade 2","1-Jan-2020","1-Jan-2020","12-Jan-2022",67,67,0,0,"","Ongoing","","No new cases of circulating vaccine-derived poliovirus type 2 (cVDPV2) were reported this week. There were two case reported in 2021, and 65 in 2020. The country is affected by different outbreaks, one linked to the Jigawa outbreak in Nigeria and one to the Savanes outbreak in Togo.","2022-W04",2022-01-17,2022-01-23,"BFA","Poliomyelitis (cVDPV2)Grade 22022-W04BFA"," ",""
0,0,"Burundi","COVID-19","Grade 3","31-Mar-2020","18-Mar-2020","14-Jan-2022",36654,36654,14,0.04,"","Ongoing","","On 31 March 2020, the Minister of Health in Burundi reported the first two confirmed cases of COVID-19. As of 14 January 2022, the total number of confirmed COVID-19 cases is 36 654, including 14 deaths and 35 688 recovered.","2022-W04",2022-01-17,2022-01-23,"BDI","COVID-19Grade 32022-W04BDI","https://who.maps.arcgis.com/apps/dashboards/0c9b3a8b68d0437a8cf28581e9c063a9",""
1,1,"Burundi","Measles","Ungraded","23-Mar-2020","1-Jan-2021","23-Oct-2021",557,496,0,0,"","Ongoing","","The measles epidemic has been declared since November 2019 in camps hosting Congolese refugees and then spread to other communities. In 2020, a total of 1 968 cases were reported in 46 of the country's 47 districts throughout 2020, 1 585 confirmed, 6 deaths. As of week 41, 2021, Burundi has reported a total of 557 suspected cases, 496 reported by case-by-case surveillance with no death, 72 confirmed by IgM+ 274 by epidemiological link and 6 clinical cases.  Six districts are currently in outbreak mode : Bubanza, Mpanda, Bugarama, Muyinga, Rumonge and Cibitoke.","2022-W04",2022-01-17,2022-01-23,"BDI","MeaslesUngraded2022-W04BDI"," ",""
1,1,"Cameroon","Humanitarian crisis (Far North, North, Adamawa & East)","Protracted 2","31-Dec-2013","27-Jun-2017","31-Dec-2021",,,,,"","Ongoing","","According to UNHCR and OCHA reports, an estimated 1.2 million people need assistance, 357 631 people are internally displaced as of 31 December 2021. A resurgence of organized crime by criminals who often loot and kidnap populations against ransom demands. Presence of improvised explosive devices (IEDs) on certain axes are also suspected particularly towards the border with Nigeria, which represents a risk for civilians as well as for humanitarian workers.","2022-W04",2022-01-17,2022-01-23,"CMR","Humanitarian crisis (Far North, North, Adamawa & East)Protracted 22022-W04CMR"," ",""
1,1,"Cameroon","Humanitarian crisis (NW & SW)","Protracted 2","1-Oct-2016","27-Jun-2018","31-Dec-2021",,,,,"","Ongoing","","According to reports from UNHCR, an estimated 575 507 IDPs have been registered as of 31 December 2021. There have continued to be reports of targeted attacks on various groups such as traditional leaders, school staff, students, and humanitarian workers. Schools resumed session, but teachers and students faced attacks. There has been an increase in the use of improvised explosive devices (IEDs), carjacking, and clashes between security forces and NSAGs, leading to civilian population displacement. There were also 466 263 refugees as of 31 December 2021, of which more than 342 877 (73.5%) arrived from Central African Republic.","2022-W04",2022-01-17,2022-01-23,"CMR","Humanitarian crisis (NW & SW)Protracted 22022-W04CMR"," ",""
1,1,"Cameroon","Cholera","Grade 2","1-Jan-2021","5-Aug-2021","4-Jan-2022",617,9,21,3.4,"","Ongoing","","Since the beginning of 2021 up to 4 January 2022, 617 suspected cases of Cholera including 9 confirmed and 21 deaths (CFR 3.4%) have been notified in Cameroon. The intensification of disease surveillance as well as the management of notified cases are ongoing.","2022-W04",2022-01-17,2022-01-23,"CMR","CholeraGrade 22022-W04CMR"," ",""
0,0,"Cameroon","COVID-19","Grade 3","6-Mar-2020","6-Mar-2020","29-Dec-2021",109666,109666,1853,1.69,"","Ongoing","","The Cameroon Ministry of Health announced the confirmation of the first COVD-19 case on 6 March 2020. As of 29 December 2021, a total of 109 666 cases have been reported, including 1 853 deaths and 106 108 recoveries.","2022-W04",2022-01-17,2022-01-23,"CMR","COVID-19Grade 32022-W04CMR","https://who.maps.arcgis.com/apps/dashboards/0c9b3a8b68d0437a8cf28581e9c063a9",""
1,1,"Cameroon","Measles","Ungraded","2-Apr-2019","1-Jan-2021","15-Dec-2021",1095,663,8,0.73,"","Ongoing","","From Epi week 1 to 48, 2021, Cameroon has reported 1 095 suspected with 8 deaths (CFR 1.9%). Of the 1 000 investigated  cases, 663 were positive including 268 cases  IgM+, 98 clinically compatible and 297 epidemiologically linked; 66% of the children are under 5 years of age and only 38% of suspected measles and 32% of confirmed measles are vaccinated with at least 1 dose of MCV. Twenty-five districts with confirmed outbreak spread across 7 regions of country.","2022-W04",2022-01-17,2022-01-23,"CMR","MeaslesUngraded2022-W04CMR"," ",""
1,1,"Cameroon","Poliomyelitis (cVDPV2)","Grade 2","1-Jan-2020","1-Jan-2020","12-Jan-2022",10,10,0,0,"","Ongoing","","No case of circulating vaccine-derived poliovirus type 2 (cVDPV2) was reported this week. There are three cases reported in 2021 and seven cases in 2020.","2022-W04",2022-01-17,2022-01-23,"CMR","Poliomyelitis (cVDPV2)Grade 22022-W04CMR"," ",""
1,1,"Cameroon","Yellow fever","Grade 2","7-Feb-2021","4-Jan-2021","2-Jan-2022",38,24,8,21.05,"","Ongoing","","From 1 January 2021 to 2 January 2022, a total of 35 presumptive cases of yellow fever tested positive by plaque reduction neutralization test (PRNT) and three by PCR at the Centre Pasteur Cameroun, of which seven deaths were recorded. These cases originated from nine different regions with a total of 25 health districts (HDs) affected: Adamaoua region, Central region, East region, Far North region, Littoral region, North region, North-West region, South region, and West region. Some of the PRNT-positive cases had a history of vaccination against yellow fever.","2022-W04",2022-01-17,2022-01-23,"CMR","Yellow feverGrade 22022-W04CMR"," ",""
0,0,"Cape Verde","COVID-19","Grade 3","19-Mar-2020","18-Mar-2020","15-Jan-2022",53987,53987,376,0.7,"","Ongoing","","The first COVID-19 confirmed case was reported in Cabo Verde on 19 March 2020. As of 15 January 2022, a total of 53 987 confirmed COVID-19 cases including 376 deaths and 50 172 recoveries were reported in the country.","2022-W04",2022-01-17,2022-01-23,"CPV","COVID-19Grade 32022-W04CPV","https://who.maps.arcgis.com/apps/dashboards/0c9b3a8b68d0437a8cf28581e9c063a9",""
1,1,"Central African Republic","Humanitarian crisis","Protracted 2","11-Dec-2013","11-Dec-2013","25-Nov-2021",,,,,"","Ongoing","","According to OCHA figures, 3.1 million people (63% of the total population) are in need of assistance and protection in 2022. There are 722 101 people that are internally displaced as of 25 Nov 2021 and 733K persons are refugees in neighbouring countries. Among the problems people face are recurring violence and continued disruptions of basic services deteriorating the living conditions. Displacements were mostly caused by clashes between the Central African Armed Forces (FACA) and their allies against armed groups, fear of abuses by armed groups, and flooding as well. Food insecurity is also estimated to be 2.4 million people in 2022.","2022-W04",2022-01-17,2022-01-23,"CAF","Humanitarian crisisProtracted 22022-W04CAF"," ",""
0,0,"Central African Republic","COVID-19","Grade 3","14-Mar-2020","14-Mar-2020","9-Jan-2022",13319,13319,108,0.81,"","Ongoing","","The Ministry of Health and population announced the confirmation of the first COVID-19 case in the Central African Republic on 14 March 2020. As of 09 January 2022, a total of 13 319 confirmed cases, 108 deaths and 11 318 recovered were reported.","2022-W04",2022-01-17,2022-01-23,"CAF","COVID-19Grade 32022-W04CAF","https://who.maps.arcgis.com/apps/dashboards/0c9b3a8b68d0437a8cf28581e9c063a9",""
1,1,"Central African Republic","Measles","Grade 2","15-Mar-2019","1-Jan-2021","15-Dec-2021",2328,283,9,0.39,"","Ongoing","","From 1 January to 15 December 2021 : 2 328 suspected cases have been reported, 283 cases with blood samples out of a total 608 investigated, 283 confirmed cases (75  IgM+ cases, 196 by epidemiological link and 12 compatible cases) and 9 deaths (CFR : 0.4%). Ten health districts (out of 35) have reached the epidemic threshold (Bossebelé, Berbérati, Sangha-Mbaéré; Nanga-Boguila, Batangafo, Mbaiki, Nana Gebrizi and Vakaga); 49% of children are less than 5 years of age; 42% were not vaccinated.  From the beginning of outbreak in 2019 to 19 August 2021, a total of 35 468 suspected cases have been notified and 197 deaths (CFR of 0.56%) within affected districts.","2022-W04",2022-01-17,2022-01-23,"CAF","MeaslesGrade 22022-W04CAF"," ",""
1,1,"Central African Republic","Yellow fever","Grade 2","14-Sep-2021","1-Apr-2021","5-Jan-2022",2,2,1,50,"","Ongoing","","On 3 August 2021, an 18-month-old girl from Mala village in the Kemo district, Central African Republic, tested positive for yellow fever by plaque reduction neutralization test at the Centre Pasteur Cameroun (CPC). She is reportedly not vaccinated against yellow fever. The onset of symptoms was 1 April 2021 with febrile jaundice. In early December, a yellow fever positive PCR result was reported in a five-year-old male child from the locality of Moyen Sido.","2022-W04",2022-01-17,2022-01-23,"CAF","Yellow feverGrade 22022-W04CAF"," ",""
1,1,"Chad","Floods","Ungraded","6-Oct-2021","26-Sep-2021","17-Nov-2021",256329,,17,0.01,"","Ongoing","","The floods since June 2021 has affected about 256 329 people (42 788 households) in 400 villages across 9 regions of Chad (Borkou, Ennedi West, Logone Oriental, Mandoul, Moyen-Chari, Ouaddai, Sila, Lake and Tandjile). As of 28 October 2021, flooding caused significant material and human damage in the Lac province, particularly on the island of Kinasserom; 23 households (115 people) were affected, including two children who drowned in Fourkoulom.As of 17 November 2021, a total of 17 people died, and 17 others are missing and 329 people have been injured. Authorities have appealed to partners and to people of goodwill for assistance. Priority needs identified so far are food, shelter, household supplies/kits, livelihood, twelve health facilities need support (drug and medical supplies), water points treatment (wells) and vaccination.","2022-W04",2022-01-17,2022-01-23,"TCD","FloodsUngraded2022-W04TCD"," ",""
0,0,"Chad","COVID-19","Grade 3","19-Mar-2020","19-Mar-2020","17-Jan-2022",6887,6887,185,2.69,"","Ongoing","","The first COVID-19 confirmed case was reported in Chad on 19 March 2020. As of 17 January 2022, a total of 6 887 confirmed COVID-19 cases were reported in the country including 185 deaths and 4 874 cases who have recovered.","2022-W04",2022-01-17,2022-01-23,"TCD","COVID-19Grade 32022-W04TCD","https://who.maps.arcgis.com/apps/dashboards/0c9b3a8b68d0437a8cf28581e9c063a9",""
1,1,"Chad","Hepatitis E","Ungraded","4-Nov-2021","1-Oct-2021","30-Nov-2021",385,12,2,0.52,"","Ongoing","","Hepatitis E outbreak had been declared by Chadian health authorities mid-November 2021 in Sategui health area, Lai health district in the Tandjile region. As of 30 Nov 2021, there have been 385 suspected cases and 2 deaths (CFR 0.5%) reported. Among those affected, the majority have been men with 219 cases (57%) and the most affected age group has been less than 10 years of age with 90 cases (23.4%).","2022-W04",2022-01-17,2022-01-23,"TCD","Hepatitis EUngraded2022-W04TCD"," ",""
1,1,"Chad","Leishmaniasis","Ungraded","8-Sep-2020","16-Oct-2020","30-Nov-2021",161,15,14,8.7,"","Ongoing","","Since 1 January 2018, a total of 161 cases have been reported by 4 provinces (N’Djamena, Borkou, Tibesti and Ouaddai) and 14 deaths (CFR 8.7%). For the year 2020 the country registered 74 cases including 4 deaths. Since the beginning of 2021 up to 30 November 2021, 54 cases have been reported including 8 deaths ( CFR 14.8%)  .","2022-W04",2022-01-17,2022-01-23,"TCD","LeishmaniasisUngraded2022-W04TCD"," ",""
1,1,"Chad","Measles","Ungraded","24-May-2018","1-Jan-2021","15-Dec-2021",2518,704,15,0.6,"","Ongoing","","Since the beginning of this year up to 29 November 2021, 260 suspected cases of Measles  have been notified from Far-North , North , Centre, South West and Littoral regions. Seventeen deaths are reported so far ( CFR 6.5%) as of 29 November 2021. The intensification of disease surveillance as well as the management of notified cases are ongoing.","2022-W04",2022-01-17,2022-01-23,"TCD","MeaslesUngraded2022-W04TCD"," ",""
1,1,"Chad","Poliomyelitis (cVDPV2)","Grade 2","18-Oct-2019","9-Sep-2019","12-Jan-2022",114,114,0,0,"","Ongoing","","No new cases of circulating vaccine-derived poliovirus type 2 (cVDPV2) were reported this week. There were no cases reported in 2021. There were 106 cVDPV2 cases reported in 2020 from three different outbreaks. There were 8 cases reported in 2019. The risk of further cVDPV2 spread across the Lake Chad subregion remains high.","2022-W04",2022-01-17,2022-01-23,"TCD","Poliomyelitis (cVDPV2)Grade 22022-W04TCD"," ",""
1,1,"Chad","Yellow fever","Grade 2","13-Nov-2021","1-Nov-2021","9-Dec-2021",56,10,0,0,"","Ongoing","","On 13 November 2021, the Institut Pasteur in Dakar shared the results of 17 samples of yellow fever cases from the Mandoul district, Chad, of which two tested PCR positive, six were IgM positive with cross-reactions with other flaviviruses, and six other IgM positive without cross-reactions. As of 9 January 2022, a total of 56 yellow fever IgM positive cases were reported from seven provinces (Mandoul, Guéra, Mayo Kebbi Ouest, Moyen Chari, and le Lac), including two confirmed cases by PCR and eight by plaque reduction neutralization test (PRNT).","2022-W04",2022-01-17,2022-01-23,"TCD","Yellow feverGrade 22022-W04TCD"," ",""
0,0,"Comoros","COVID-19","Grade 3","30-Apr-2020","30-Apr-2020","14-Jan-2022",7745,7745,159,2.05,"","Ongoing","","The first case of confirmed COVID-19 was notified on 30 April 2020 in Comoros. As of 14 January 2022, a total of 7 745 confirmed COVID-19 cases, including 159 deaths and 6 788 recoveries were reported in the country.","2022-W04",2022-01-17,2022-01-23,"COM","COVID-19Grade 32022-W04COM","https://who.maps.arcgis.com/apps/dashboards/0c9b3a8b68d0437a8cf28581e9c063a9",""
1,1,"Congo","Floods","Ungraded","10-Jan-2022","29-Nov-2021","7-Jan-2022",108173,,0,0,"","Ongoing","","Following the heavy rains since September 2021, the northern part of the country is affected with floods. Authorities declared a state of humanitarian disaster on 29 November 2021. Four departments are affected: Likouala; Cuvette; Sangha and Plateaux. As of 7 January 2022: 108 173 people affected (22 770 households), no information on deaths. Authorities are seeking supports from partners in term of food, non-food Items, essentials medicines etc","2022-W04",2022-01-17,2022-01-23,"COG","FloodsUngraded2022-W04COG"," ",""
0,0,"Congo","COVID-19","Grade 3","14-Mar-2020","14-Mar-2020","13-Jan-2022",23244,23244,371,1.6,"","Ongoing","","The Government of Congo announced the confirmation of the first case of COVID-19 in Congo on 14 March 2020. As of 13 January 2022, a total of 23 244 cases including 371 deaths and  19 136 recovered cases have been reported in the country.","2022-W04",2022-01-17,2022-01-23,"COG","COVID-19Grade 32022-W04COG","https://www.arcgis.com/apps/dashboards/5aa144aace06404a8e412be67183cdf5",""
1,1,"Congo","Poliomyelitis (cVDPV2)","Grade 2","","29-Jan-2021","12-Jan-2022",4,4,0,0,"","Ongoing","","No new cases of circulating vaccine-derived poliovirus type 2 (cVDPV2) were reported this week. Two cases were reported in 2020 as well as in 2021.","2022-W04",2022-01-17,2022-01-23,"COG","Poliomyelitis (cVDPV2)Grade 22022-W04COG"," ",""
0,0,"Côte d'Ivoire","COVID-19","Grade 3","11-Mar-2020","11-Mar-2020","15-Jan-2022",79088,79088,753,0.95,"","Ongoing","","Since 11 March 2020, a total of 79 088 confirmed cases of COVID-19 have been reported from Côte d'Ivoire including 753 deaths, and a total of 73 648 recoveries.","2022-W04",2022-01-17,2022-01-23,"CIV","COVID-19Grade 32022-W04CIV","https://who.maps.arcgis.com/apps/dashboards/0c9b3a8b68d0437a8cf28581e9c063a9",""
1,1,"Côte d'Ivoire","Poliomyelitis (cVDPV2)","Grade 2","29-Oct-2019","29-Oct-2019","12-Jan-2022",64,64,0,0,"","Ongoing","","No case of circulating vaccine-derived poliovirus type 2 (cVDPV2) was reported this week. There are 64 cases reported in 2020. There are no reported cases in 2021.","2022-W04",2022-01-17,2022-01-23,"CIV","Poliomyelitis (cVDPV2)Grade 22022-W04CIV"," ",""
1,1,"Côte d'Ivoire","Yellow fever","Grade 2","14-Sep-2021","13-Aug-2021","9-Jan-2022",18,7,0,0,"","Ongoing","","On 13 August 2021, five yellow fever cases tested positive by plaque reduction neutralization test (PRNT) at Institut Pasteur in Dakar. Based on differential tests returned on 6 September 2021, the results of three cases are consistent with a recent yellow fever infection. As of 9 January 2022, a total of 18 cases tested positive by PRNT of which seven without cross-reaction with other flaviviruses.","2022-W04",2022-01-17,2022-01-23,"CIV","Yellow feverGrade 22022-W04CIV"," ",""
1,1,"Democratic Republic of the Congo","Humanitarian crisis","Protracted 3","20-Dec-2016","17-Apr-2017","26-Dec-2021",,,,,"","Ongoing","","From Jan-Nov 2021, a total of 5.7 million people have been internally displaced. Women represent 51% of this displaced population and 91% of displacements were due to armed attacks and clashes. Multiple IDPs have been affected from various territories. From 8-9 Dec 2021 some 10 812 people experienced attacks in Mangina, Mariko, Lukaya and Njiapanda-Bela. From 11-13 Dec 2021, about 8 727 people also fled the same area following similar attacks by the same group.","2022-W04",2022-01-17,2022-01-23,"COD","Humanitarian crisisProtracted 32022-W04COD"," ",""
1,1,"Democratic Republic of the Congo","Cholera","Grade 3","16-Jan-2015","1-Jan-2020","12-Dec-2021",10029,,179,1.78,"","Ongoing","","In 2021, from epidemiological week 1 to 49 (ending 12 December 2021),  10 029 suspected cholera cases including 179 deaths (case-fatality rate 1.8%) were recorded in 80 health zones across 16 provinces of the Democratic Republic of the Congo. In 2020, a total of 30 304 suspected cholera cases including 514 deaths (case fatality 1.7%) were reported in 179 health zones across 23 provinces.","2022-W04",2022-01-17,2022-01-23,"COD","CholeraGrade 32022-W04COD"," ",""
0,0,"Democratic Republic of the Congo","COVID-19","Grade 3","10-Mar-2020","10-Mar-2020","11-Jan-2022",82985,82983,1278,1.54,"","Ongoing","","Since the start of the COVID-19 outbreak, declared on 10 March 2020, a total of  82 983  confirmed cases and two probable case, including 1 278 deaths have been reported. A total of 59 347 people have recovered.","2022-W04",2022-01-17,2022-01-23,"COD","COVID-19Grade 32022-W04COD","https://who.maps.arcgis.com/apps/dashboards/0c9b3a8b68d0437a8cf28581e9c063a9",""
1,1,"Democratic Republic of the Congo","Measles","Ungraded","12-Oct-2021","1-Jun-2021","15-Dec-2021",55940,1271,825,1.47,"","Ongoing","","From week 1 through week 48 of 2021 (ending 15 December) 55 940 suspected measles cases and 825 deaths (CFR 1.5%) have been reported. The outbreak has been confirmed in 93 health districts across 23 affected provinces including the capital city of Kinshasa. A total of 3079 suspected cases was investigated, 1 271 cases are IgM + for measles among which 64% are children under five and 29% known to be vaccinated, half of them have an unknown vaccination status, 72% of measles confirmed cases are either zero dose or unknown vaccination status. A total of 483 cases are IgM+ of rubeola among which 94.2% are more than 14 years old.","2022-W04",2022-01-17,2022-01-23,"COD","MeaslesUngraded2022-W04COD"," ",""
1,1,"Democratic Republic of the Congo","Monkeypox","Ungraded",,"1-Jan-2020","26-Dec-2021",9344,39,312,3.34,"","Ongoing","","Since epidemiological week 1 up to week 51 in 2021, 3 087 cases have been reported with 83 deaths (CFR 2.7%). Between epidemiological week 1 and week 53 of 2020, a total of 6 257 suspected cases including 229 deaths (CFR 3.7%) were reported in 133 health zones from 17 out of 26 provinces in the country. During the same period in 2019, 5 288 suspected cases and 107 deaths (CFR 2.0%) were reported in 132 health zones from 18 provinces. Overall, there was a regressive trend from epidemiological week 33 to 53 of 2020 (276 cases vs 76 cases).","2022-W04",2022-01-17,2022-01-23,"COD","MonkeypoxUngraded2022-W04COD"," ",""
1,1,"Democratic Republic of the Congo","Plague","Ungraded","12-Mar-2019","1-Jan-2020","26-Dec-2021",599,,45,7.51,"","Ongoing","","From 22 April 2021, a cluster of deaths due to suspected pneumonic plague were recorded in the health zone of Fataki, Ituri province, Democratic Republic of the Congo. An investigation was conducted during which suspected cases were identified and samples taken for confirmatory testing. From epidemiological week 1 to 51, 2021 (ending on 26 Dec), 138 suspected pneumonic plague cases including 14 deaths (CFR: 10.1%) were reported in eight health zones in Ituri province. From January to December 2020, 461 suspected plague cases of which 31 deaths (CFR: 6.7%) were reported in eight health zones of Ituri. The health zones of Biringi, Rethy, and Aru reported the most cases.","2022-W04",2022-01-17,2022-01-23,"COD","PlagueUngraded2022-W04COD"," ",""
1,1,"Democratic Republic of the Congo","Poliomyelitis (cVDPV2)","Grade 2","26-Feb-2021","1-Jan-2021","12-Jan-2022",19,19,0,0,"","Ongoing","","Two cases of circulating vaccine-derived poliovirus type 2 (cVDPV2) are reported this week, both from Maniema province, bringing the total number of reported cases in 2021 to 19.","2022-W04",2022-01-17,2022-01-23,"COD","Poliomyelitis (cVDPV2)Grade 22022-W04COD"," ",""
1,1,"Democratic Republic of the Congo","Typhoid fever","Ungraded","1-Jul-2021","1-Jan-2021","12-Dec-2021",1380955,30934,502,0.04,"","Ongoing","","In 2021, from Epi week 1 to 49, 1 380 955 suspected cases of typhoid fever have been reported including 502 deaths (CFR 0.03%) and 30 934  confirmed cases in the epi week 49. In 2020 (epi week 49), a total of 1 456 721 suspected cases of typhoid fever were reported, including 442 deaths (CFR 0.03%) .","2022-W04",2022-01-17,2022-01-23,"COD","Typhoid feverUngraded2022-W04COD"," ",""
1,1,"Democratic Republic of the Congo","Yellow Fever","Grade 2","21-Apr-2021","21-Apr-2021","21-Nov-2021",2,2,0,0,"","Ongoing","","On 18 July 2021, two yellow fever cases tested positive by Plaque Reduction Neutralization Test (PRNT) at Centre Pasteur in Cameroon (CPC). The first case is a 34-year-old male from the Abuzi health zone, North Ubangi province, Democratic Republic of the Congo whose date of symptom onset was 20 February 2021 with fever, vomiting, abdominal pain, back pain and physical asthenia. Jaundice appeared on 25 February. The second case is a 47-year-old female unvaccinated against yellow fever from Ango health zone, Bas Uele province. He first exhibited symptoms on 7 May 2021. As of 21 November 2021, confirmatory results are pending for six additional presumptive positive cases.","2022-W04",2022-01-17,2022-01-23,"COD","Yellow FeverGrade 22022-W04COD"," ",""
0,0,"Equatorial Guinea","COVID-19","Grade 3","14-Mar-2020","14-Mar-2020","12-Jan-2022",15319,15319,178,1.16,"","Ongoing","","The Ministry of Health and Welfare announced the first confirmed COVID-19 case on 14 March 2020. As of 12 January 2022, a total of 15 319 cases have been reported in the country with 178 deaths and 13 539 recoveries.","2022-W04",2022-01-17,2022-01-23,"GNQ","COVID-19Grade 32022-W04GNQ","https://who.maps.arcgis.com/apps/dashboards/0c9b3a8b68d0437a8cf28581e9c063a9",""
0,0,"Eritrea","COVID-19","Grade 3","21-Mar-2020","21-Mar-2020","16-Jan-2022",8910,8910,87,0.98,"","Ongoing","","The first COVID-19 confirmed case was reported in Eritrea on 21 March 2020. As of 16 January 2022, a total of 8 910 confirmed COVID-19 cases with 87 deaths were reported in the country. A total of 8 326 patients have recovered from the disease.","2022-W04",2022-01-17,2022-01-23,"ERI","COVID-19Grade 32022-W04ERI","https://who.maps.arcgis.com/apps/dashboards/0c9b3a8b68d0437a8cf28581e9c063a9",""
0,0,"Eswatini","COVID-19","Grade 3","13-Mar-2020","13-Mar-2020","16-Jan-2022",67849,67849,1363,2.01,"","Ongoing","","The first case of COVID-19 was confirmed in the kingdom of Eswatini on 13 March 2020. As of 16 January 2022, a total of 67 849 cases have been reported in the country including 65 752 recoveries. A total of 1 363 associated deaths have been reported.","2022-W04",2022-01-17,2022-01-23,"SWZ","COVID-19Grade 32022-W04SWZ","https://who.maps.arcgis.com/apps/dashboards/0c9b3a8b68d0437a8cf28581e9c063a9",""
1,1,"Ethiopia","Humanitarian crisis (Conflict in Tigray)","Grade 3","4-Nov-2020","4-Nov-2020","16-Dec-2021",,,,,"","Ongoing","","The security situation in the country remains volatile, affecting civilians and limiting humanitarian aid deliverance. Adequate communication, electricity, and banking services remain intermittent. The conflict in the Tigray area has been spilling over into the Afar and Amhara regions for some time with more than 1.8 million people displaced in Tigray, more than 542K people displaced in Amhara, and more than 255K people displaced in Afar by end of September 2021. Many more have been displaced since; however, the exact number is difficult to assess considering the ongoing challenges. In the Amhara region, more than 500 health facilities are unfunctional. Access to the area still remains a challenge.","2022-W04",2022-01-17,2022-01-23,"ETH","Humanitarian crisis (Conflict in Tigray)Grade 32022-W04ETH"," ",""
1,1,"Ethiopia","Cholera","Grade 2","31-Aug-2021","31-Aug-2021","20-Dec-2021",640,2,7,1.09,"","Ongoing","","The outbreak of cholera is  ongoing in Oromia and Somali regions .The first case was reported on 31 August 2021. As of 20 December 2021, a total of 640 cases with 7 associated death (CFR 1.1%), are reported so far. Five sample were tested and two were positive for cholera.  Response activities are ongoing  including outbreak investigation, case management, cholera supplies delivery.","2022-W04",2022-01-17,2022-01-23,"ETH","CholeraGrade 22022-W04ETH"," ",""
0,0,"Ethiopia","COVID-19","Grade 3","13-Mar-2020","13-Mar-2020","16-Jan-2022",457322,457322,7147,1.56,"","Ongoing","","Since the confirmation of the first case on 13 March 2020, Ethiopia has confirmed a total of 457 322 cases of COVID-19 as of 16 January 2022, with 7 147 deaths and  373 622 recoveries.","2022-W04",2022-01-17,2022-01-23,"ETH","COVID-19Grade 32022-W04ETH","https://who.maps.arcgis.com/apps/MapSeries/index.html?appid=02677b612ca3462f8b9b9de7bb022239",""
1,1,"Ethiopia","Measles","Ungraded","14-Jan-2017","1-Jan-2021","10-Dec-2021",2830,1435,4,0.14,"","Ongoing","","In 2021, as of 10 December (Epi week50), a total of 2 830 cases have been reported of which 1 435 have been confirmed (965 epi-link, 423 IgM and 47 measles compatible) and 4 deaths recorded (CFR 0.1%). Out of the 2 725 suspected cases, 1 436 were under 5 years of age, 932 were between 5 and 14 years of age and 462 were over 15 years of age.","2022-W04",2022-01-17,2022-01-23,"ETH","MeaslesUngraded2022-W04ETH"," ",""
1,1,"Ethiopia","Poliomyelitis (cVDPV2)","Grade 2","24-Jun-2019","20-May-2019","12-Jan-2022",75,75,0,0,"","Ongoing","","No case of circulating vaccine-derived poliovirus type 2 (cVDPV2) was reported this week.  Ten cases were reported in 2021. The total number of cases for 2020  is 38 and 2019 is 15.","2022-W04",2022-01-17,2022-01-23,"ETH","Poliomyelitis (cVDPV2)Grade 22022-W04ETH"," ",""
0,0,"Gabon","COVID-19","Grade 3","12-Mar-2020","12-Mar-2020","13-Jan-2022",45152,45152,297,0.66,"","Ongoing","","On 12 March 2020, the Ministry of Health announced the confirmation of the first COVID-19 case in the country. As of 13 January 2022, a total of 45 152 cases including 297 deaths and 39 532 recoveries have been reported in the country.","2022-W04",2022-01-17,2022-01-23,"GAB","COVID-19Grade 32022-W04GAB","https://who.maps.arcgis.com/apps/dashboards/0c9b3a8b68d0437a8cf28581e9c063a9",""
0,0,"Gambia","COVID-19","Grade 3","17-Mar-2020","17-Mar-2020","12-Jan-2022",11572,11572,347,3,"","Ongoing","","The first COVID-19 confirmed case was reported in the Gambia on 17 March 2020. As of 12 January 2022, a total of 11 572 confirmed COVID-19 cases including 347 deaths, and  10 156 recoveries have been reported in the country.","2022-W04",2022-01-17,2022-01-23,"GMB","COVID-19Grade 32022-W04GMB","https://who.maps.arcgis.com/apps/dashboards/0c9b3a8b68d0437a8cf28581e9c063a9",""
0,0,"Ghana","COVID-19","Grade 3","12-Mar-2020","12-Mar-2020","10-Jan-2022",153514,153514,1343,0.87,"","Ongoing","","As of 10 January 2022, a total of 153 514  confirmed COVID-19 cases have been reported in Ghana. There have been 1343 deaths and 143 151 recoveries reported.","2022-W04",2022-01-17,2022-01-23,"GHA","COVID-19Grade 32022-W04GHA","https://who.maps.arcgis.com/apps/dashboards/0c9b3a8b68d0437a8cf28581e9c063a9",""
1,1,"Ghana","Poliomyelitis (cVDPV2)","Grade 2","9-Jul-2019","8-Jul-2019","5-Jan-2022",31,31,0,0,"","Ongoing","","No cases were reported in 2021, 12 cases were reported in 2020, and 19 were reported in 2019. One cVDPV2 positive environmental sample was reported in the Eastern province.","2022-W04",2022-01-17,2022-01-23,"GHA","Poliomyelitis (cVDPV2)Grade 22022-W04GHA"," ",""
1,1,"Ghana","Yellow fever","Grade 2","3-Nov-2021","15-Oct-2021","20-Dec-2021",90,21,11,12.22,"","Ongoing","","From 15 October 2021, suspected cases of yellow fever were reported mostly among nomadic settlers in the Savannah Region, northwest Ghana (bordering Côte d'Ivoire). As of 20 December 2021, a total of 386 yellow fever suspected cases including 90 probable (IgM positive) and 21 confirmed cases were reported from eight regions in Ghana.","2022-W04",2022-01-17,2022-01-23,"GHA","Yellow feverGrade 22022-W04GHA"," ",""
0,0,"Guinea","COVID-19","Grade 3","13-Mar-2020","13-Mar-2020","11-Jan-2022",35202,35202,528,1.5,"","Ongoing","","The Ministry of Health in Guinea announced the first confirmed case of COVID-19 on 13 March 2020. As of 11 January 2022, a total of 35 202 cases including 30 929 recovered cases and 528 deaths have been reported in the country.","2022-W04",2022-01-17,2022-01-23,"GIN","COVID-19Grade 32022-W04GIN","https://who.maps.arcgis.com/apps/dashboards/0c9b3a8b68d0437a8cf28581e9c063a9",""
1,1,"Guinea","Lassa Fever","Ungraded","8-May-2021","8-May-2021","6-Dec-2021",8,8,7,87.5,"","Ongoing","","To date, there have been a total of 8 confirmed cases and 7 deaths (CFR 87.5%): the first case ( 23 years old man, resident of Yomou prefecture) was notified on 8 May 2021. The patient was also confirmed to be positive for COVID-19 and later died. Contact tracing of 88 people was done, and no secondary cases found.  However, the prefecture of Bheeta is regarded as active, with the prefectures of Yomou-Centre, Péla, Yomou and Bignamou on alert. More cases have been reported with the recent case,  a 9-year-old female from Faranah health district confirmed on 19 September 2021 by the Gueckerou laboratory and died the same day.","2022-W04",2022-01-17,2022-01-23,"GIN","Lassa FeverUngraded2022-W04GIN"," ",""
1,1,"Guinea","Measles","Ungraded","09-May-2018","1-Jan-2021","1-Dec-2021",622,321,5,0.8,"","Ongoing","","In 2021, as of Epi week 49, 622 suspected cases have been reported, 601 samples taken, 601 samples tested of which 321 tested positive; 5 deaths have been reported. Out of the 321 positive persons, 64 (12%) were vaccinated.  In 2020 at the same epi week, 6070 suspected cases, 870 cases sampled, 767 samples tested of which 524 positive, 269 negative and 48 undetermined; 15 deaths have been reported. Since 2020, a total of 6 623 suspected cases, 1 120 tests analysed, 1 141 confirmed cases, 19 deaths have been reported.","2022-W04",2022-01-17,2022-01-23,"GIN","MeaslesUngraded2022-W04GIN"," ",""
1,1,"Guinea","Poliomyelitis (cVDPV2)","Grade 2","22-Jul-2020","22-Jul-2020","12-Jan-2022",50,50,0,0,"","Ongoing","","No new cases of circulating vaccine-derived poliovirus type 2 (cVDPV2) were reported this week. So far, we have 6 cases reported  in 2021. The total number of 2020 cases has been corrected to 44.","2022-W04",2022-01-17,2022-01-23,"GIN","Poliomyelitis (cVDPV2)Grade 22022-W04GIN"," ",""
0,0,"Guinea-Bissau","COVID-19","Grade 3","25-Mar-2020","25-Mar-2020","14-Jan-2022",7004,7004,152,2.17,"","Ongoing","","On 25 March 2020, the Ministry of Health of Guinea Bissau reported the first COVID-19 confirmed case in the country. As of 14 January 2022, the country has reported 7 004 confirmed cases of COVID-19 with 6 337 recoveries and 152 deaths.","2022-W04",2022-01-17,2022-01-23,"GNB","COVID-19Grade 32022-W04GNB","https://who.maps.arcgis.com/apps/dashboards/0c9b3a8b68d0437a8cf28581e9c063a9",""
1,1,"Guinea-Bissau","Poliomyelitis (cVDPV2)","Grade 2","9-Nov-2021","9-Nov-2021","12-Jan-2022",4,4,0,0,"","Ongoing","","No case of circulating vaccine-derived poliovirus type 2 (cVDPV2) was reported this week. Three cases were reported in 2021 which were linked to the Jigawa outbreak in Nigeria.","2022-W04",2022-01-17,2022-01-23,"GNB","Poliomyelitis (cVDPV2)Grade 22022-W04GNB"," ",""
0,0,"Kenya","COVID-19","Grade 3","13-Mar-2020","13-Mar-2020","19-Jan-2022",319011,319011,5520,1.73,"","Ongoing","","On 12 March 2020, the Ministry of Health announced the confirmation of one new COVID-19 case in the country. As of 19 January 2022, 319 011 confirmed COVID-19 cases including 5 520 deaths and  287 140 recoveries have been reported in the country.","2022-W04",2022-01-17,2022-01-23,"KEN","COVID-19Grade 32022-W04KEN","https://who.maps.arcgis.com/apps/dashboards/0c9b3a8b68d0437a8cf28581e9c063a9",""
1,1,"Kenya","Leishmaniasis","Ungraded","31-Mar-2019","3-Jan-2020","18-Dec-2021",1388,1388,10,0.72,"","Ongoing","","Since January 2020, a total of 1 388 visceral leishmaniasis suspected and confirmed cases with 10 deaths (CFR 0.7%), have been reported in eight counties namely: Marsabit, Garissa, Kitui, Baringo, West Pokot, Mandera, Wajir, and Tharaka Nithi. The outbreak is active in four counties, Kitui, West Pokot, Wajir and Tharaka Nithi. Fourteen (14) new cases were reported in week 48.","2022-W04",2022-01-17,2022-01-23,"KEN","LeishmaniasisUngraded2022-W04KEN"," ",""
1,1,"Kenya","Poliomyelitis (cVDPV2)","Grade 2","5-Feb-2021","10-Feb-2021","12-Jan-2022",3,3,0,0,"","Ongoing","","No cVDPV2 positive environmental sample was reported this week. There was one cVDPV2 positive environmental sample reported in 2020 and one in 2021. The virus is linked to the Banadir outbreak in Somalia.","2022-W04",2022-01-17,2022-01-23,"KEN","Poliomyelitis (cVDPV2)Grade 22022-W04KEN"," ",""
0,0,"Lesotho","COVID-19","Grade 3","13-May-2020","13-May-2020","13-Jan-2022",31734,31734,687,2.16,"","Ongoing","","Since the first confirmed COVID-19 case was reported in Lesotho on 13 May 2020, until 13 January 2022, a total of 31 734 cases of COVID-19 have been reported, including 19 915  recoveries and 687 deaths.","2022-W04",2022-01-17,2022-01-23,"LSO","COVID-19Grade 32022-W04LSO","https://who.maps.arcgis.com/apps/dashboards/0c9b3a8b68d0437a8cf28581e9c063a9",""
0,0,"Liberia","COVID-19","Grade 3","16-Mar-2020","16-Mar-2020","16-Jan-2022",7208,7208,288,4,"","Ongoing","","From 16 March 2020 to 16 January 2022, Liberia has recorded a total of 7 208 cases including 288 deaths and 6 617 recoveries have been reported.","2022-W04",2022-01-17,2022-01-23,"LBR","COVID-19Grade 32022-W04LBR","https://www.arcgis.com/apps/dashboards/92d4c1cb194a4699a4baf8be40255c98",""
1,1,"Liberia","Lassa fever","Ungraded","23-Jul-2021","1-Jan-2021","21-Nov-2021",24,24,15,62.5,"","Ongoing","","The numbers of confirmed and death cases have been reviewed. From January 2021 to 21 November 2021, a total of 136 suspected cases were reported, of which 24 (17.6%) were confirmed, and 15 deaths (CFR 62.5%) among the confirmed cases. Three counties are currently in outbreak : Bong, Grand Bassa and Montserrado counties","2022-W04",2022-01-17,2022-01-23,"LBR","Lassa feverUngraded2022-W04LBR"," ",""
1,1,"Liberia","Measles","Ungraded","24-Sep-2017","1-Jan-2019","26-Nov-2021",445,198,0,0,"","Ongoing","","In week 46 (week ending 21 November 2021), 5 suspected cases were reported from Grand Gedeh (2), Grand Bassa (1), Bong (1) and Nimba (1) Counties. Among the 5 suspected cases, 3 cases  are <5 years (83%) and 2 case are >5 years (17%). Since the beginning of 2021, 445 total cases were reported of which 198 were confirmed (57  laboratory-confirmed, 131 clinically confirmed and 10 epi-linked), 247 negative.","2022-W04",2022-01-17,2022-01-23,"LBR","MeaslesUngraded2022-W04LBR"," ",""
1,1,"Liberia","Poliomyelitis (cVDPV2)","Grade 2","10-Dec-2020","17-Dec-2020","12-Jan-2022",3,3,0,0,"","Ongoing","","No case of circulating vaccine-derived poliovirus type 2 (cVDPV2) was reported this week. The country reported 3 cases in 2021.","2022-W04",2022-01-17,2022-01-23,"LBR","Poliomyelitis (cVDPV2)Grade 22022-W04LBR"," ",""
1,1,"Madagascar","Malnutrition crisis","Grade 2","1-Jul-2021","1-Jan-2021","21-Dec-2021",,,,,"","Ongoing","","A prolonged three-year drought in southern Madagascar has contributed to food insecurity issues for an estimated 1.3 million people in the Grand Sud area, of which 14K people were classified as IPC Phase 5 or catastrophically food insecure. About 390K children are expected to have moderate acute malnutrition and 111K children to have severe acute malnutrition from May 2021 to April 2022 if no intervention measures are taken. All 10 districts of Grand Sud have been affected with the epicentre of the crisis occurring in Amboasary Atsimo district. An upward trend in cases of acute malnutrition has been observed since week 33 (ending 22 August 2021) in the Androy Region. The survey conducted in November 2021 found the mortality rate below the emergency threshold (less than 1 death per 10 000 inhabitants per day).","2022-W04",2022-01-17,2022-01-23,"MDG","Malnutrition crisisGrade 22022-W04MDG"," ",""
0,0,"Madagascar","COVID-19","Grade 3","20-Mar-2020","20-Mar-2020","14-Jan-2022",55827,55827,1169,2.09,"","Ongoing","","Madagascar Ministry of Health announced the confirmation of the first COVID-19 case on 20 March 2020. As of 14 January 2022, a total of 55 827 cases have been reported in the country, out of which 50 381 have recovered and 1 169 deaths reported.","2022-W04",2022-01-17,2022-01-23,"MDG","COVID-19Grade 32022-W04MDG","https://who.maps.arcgis.com/apps/dashboards/0c9b3a8b68d0437a8cf28581e9c063a9",""
1,1,"Madagascar","Poliomyelitis (cVDPV1)","Grade 2","28-Apr-2021","28-Apr-2021","12-Jan-2022",13,13,0,0,"","Ongoing","","One case of circulating vaccine-derived poliovirus type 1 (cVDPV1) was reported this week in Sofia. There are 11 cases reported in 2021. There were two cases reported in 2020.","2022-W04",2022-01-17,2022-01-23,"MDG","Poliomyelitis (cVDPV1)Grade 22022-W04MDG"," ",""
0,0,"Malawi","COVID-19","Grade 3","2-Apr-2020","2-Apr-2020","16-Jan-2022",82719,82719,2466,2.98,"","Ongoing","","On 2 April 2020, the president of Malawi announced the first confirmed cases of COVID-19 in the country. As of 16 January 2022, the country has a total of 82 719 confirmed cases with 2 466 deaths and 65 135 recoveries.","2022-W04",2022-01-17,2022-01-23,"MWI","COVID-19Grade 32022-W04MWI","https://who.maps.arcgis.com/apps/dashboards/0c9b3a8b68d0437a8cf28581e9c063a9",""
1,1,"Mali","Humanitarian crisis","Protracted 1",,,"31-Oct-2021",,,,,"","Ongoing","","There have been 402K IDPs in the country and more than 156 700 refugees as of 31 October 2021. However, 85 939 returnees have come back to the country. The situation in northern and central regions of the country remains unstable, marked by an increase in direct or indirect attacks against national and international armed forces and the civilian population. Issues such as inter and intra-community conflicts, activism of non-state armed groups, consequences of counter-insurgency operations, crime and banditry continue to weaken the Malian context. COVID-19 also continues to compound the health impacts affecting all basic social sectors as well as the protection of household livelihoods. Due to the humanitarian crisis, 5% of health facilities are not fully functional with a limited presence of partners working in the management of primary health care in the northern and central regions. Since the beginning of 2021, 8 attacks on the health system have been reported by the northern and central regions.","2022-W04",2022-01-17,2022-01-23,"MLI","Humanitarian crisisProtracted 12022-W04MLI"," ",""
0,0,"Mali","COVID-19","Grade 3","25-Mar-2020","25-Mar-2020","16-Jan-2022",28585,28585,691,2.42,"","Ongoing","","On 25 March 2020, the Ministry of Health of Mali reported the first COVID-19 confirmed cases in the country. As of 16 January 2022, a total of 28 585 confirmed COVID-19 cases have been reported in the country including 691 deaths and 23 944 recoveries.","2022-W04",2022-01-17,2022-01-23,"MLI","COVID-19Grade 32022-W04MLI","https://www.arcgis.com/apps/dashboards/9bd1ce29b8464d4e9f20f1658f609b5e",""
1,1,"Mali","Measles","Ungraded","20-Feb-2018","1-Jan-2021","2-Jan-2022",1947,828,2,0.1,"","Ongoing","","From January 2021 up to Epi week 51 (ending the 02 January 2022), Mali has reported a total of 1 947 suspected cases including two deaths, 1 516 samples tested of which 828 were positive, 644 negative and 44 undetermined. There is an increase of 93.01 % of confirmed cases compared to the same week last year.","2022-W04",2022-01-17,2022-01-23,"MLI","MeaslesUngraded2022-W04MLI"," ",""
1,1,"Mali","Poliomyelitis (cVDPV2)","Grade 2","18-Aug-2020","18-Aug-2020","12-Jan-2022",52,52,0,0,"","Ongoing","","No case of circulating vaccine-derived poliovirus type 1 (cVDPV1) was reported this week. The total number of cases since 2020 are 52.","2022-W04",2022-01-17,2022-01-23,"MLI","Poliomyelitis (cVDPV2)Grade 22022-W04MLI"," ",""
0,0,"Mauritania","COVID-19","Grade 3","13-Mar-2020","13-Mar-2020","19-Jan-2022",56296,56296,914,1.62,"","Ongoing","","The government of Mauritania announced its first confirmed COVID-19 case on 13 March 2020. As of  19 January 2022, a total of 5 296 cases including 914 deaths and  44 947 recovered cases have been reported in the country.","2022-W04",2022-01-17,2022-01-23,"MRT","COVID-19Grade 32022-W04MRT","https://who.maps.arcgis.com/apps/dashboards/0c9b3a8b68d0437a8cf28581e9c063a9",""
0,0,"Mauritius","COVID-19","Grade 3","18-Mar-2020","18-Mar-2020","12-Jan-2022",94474,94474,813,0.86,"","Ongoing","","The Republic of Mauritius announced the first three positive cases of COVID-19 on 18 March 2020. As of 12 Janvier 2022, a total of 94 474 confirmed COVID-19 cases including 813 deaths and 90948 recovered cases have been reported in the country.","2022-W04",2022-01-17,2022-01-23,"MUS","COVID-19Grade 32022-W04MUS","https://who.maps.arcgis.com/apps/dashboards/0c9b3a8b68d0437a8cf28581e9c063a9",""
1,1,"Mozambique","Humanitarian crisis in Cabo Delgado","Protracted 2","1-Jan-2020","1-Jan-2020","31-Dec-2021",,,,,"","Ongoing","","The safety situation in Cabo Delgado remains unpredictable and volatile. As of 31 Dec 2021, the nationwide estimate of people in need of humanitarian assistance is 1.3 million and there are 744 949 people displaced by conflict mostly due to violence perpetrated by NSAGs.","2022-W04",2022-01-17,2022-01-23,"MOZ","Humanitarian crisis in Cabo DelgadoProtracted 22022-W04MOZ"," ",""
0,0,"Mozambique","COVID-19","Grade 3","22-Mar-2020","22-Mar-2020","16-Jan-2022",219081,219081,2127,0.97,"","Ongoing","","The first COVID-19 confirmed case was reported in Mozambique on 22 March 2020. As of 16 January 2022, a total of 219 081 confirmed COVID-19 cases were reported in the country including 2 127 deaths and 180 990 recoveries.","2022-W04",2022-01-17,2022-01-23,"MOZ","COVID-19Grade 32022-W04MOZ","https://who.maps.arcgis.com/apps/dashboards/0c9b3a8b68d0437a8cf28581e9c063a9",""
1,1,"Mozambique","Measles","Ungraded","25-Jun-2020","1-Jan-2021","10-Oct-2021",125,2,0,0,"","Ongoing","","Since the beginning of 2021, measles outbreak is active in 11 provinces. As of 10 October 2021 (week 40), there were 125 cases reported including 2 confirmed cases and no death. In 2020 at the same period, there were 185 confirmed cases and no death.","2022-W04",2022-01-17,2022-01-23,"MOZ","MeaslesUngraded2022-W04MOZ"," ",""
0,0,"Namibia","COVID-19","Grade 3","14-Mar-2020","14-Mar-2020","14-Jan-2022",154378,154378,3821,2.48,"","Ongoing","","The first case of COVID-19 was detected in Namibia on the 14 March 2020. As of 14 January 2022, a total of 154 378 confirmed cases with 142 366 recovered and 3 821 deaths have been reported.","2022-W04",2022-01-17,2022-01-23,"NAM","COVID-19Grade 32022-W04NAM","https://who.maps.arcgis.com/apps/dashboards/0c9b3a8b68d0437a8cf28581e9c063a9",""
1,1,"Namibia","Hepatitis E","Protracted 1","18-Dec-2017","8-Sep-2017","15-Aug-2021",8090,8090,66,0.82,"","Ongoing","","The current outbreak in Namibia started in December 2017. As of 15 August 2021, a cumulative total of 8 090 cases (2 117 laboratory-confirmed, 4 738 epidemiologically linked, and 1 235 suspected cases) including 66 deaths (CFR=0.8%) have been reported countrywide. Khomas Region remains the most affected region, accounting for 5 004 (62.0%) of reported cases, followed by Erongo 1 717 (21.2%).","2022-W04",2022-01-17,2022-01-23,"NAM","Hepatitis EProtracted 12022-W04NAM"," ",""
1,1,"Niger","Floods","Ungraded","15-Jul-2021","2-Aug-2021","21-Nov-2021",250000,,77,0.03,"","Ongoing","","In Niger, torrential rainfall and floods affected more than 250 000 people and left 77 people dead. Since the start of the 2021 rainy season in June, torrential rainfall has led to the collapse of more than 21 000 houses, the destruction of more than 7 300 hectares of cultivable land, and the death of more than 10 000 livestock. Thousands of people have been rendered homeless and vulnerable due to the loss of their livelihoods. Floods have been followed by outbreaks of cholera across seven of the country’s eight regions.","2022-W04",2022-01-17,2022-01-23,"NER","FloodsUngraded2022-W04NER"," ",""
1,1,"Niger","Humanitarian crisis","Protracted 1","1-Feb-2015","1-Feb-2015","31-Oct-2021",,,,,"","Ongoing","","According to OCHA statistics, 3.8 million people need humanitarian assistance in 2021. As of 31 Oct 2021, 264 257 people are internally displaced, 249 816  are refugees, and 2.3 million are food insecure (phase 3+ and above). Security tensions have had a negative impact on local markets and price of food in the Tillaberi region causing concern for nutrition levels in children in the region. The trend of children admitted into national food program has increased in certain areas of the country (including Tillaberi and Maradi) between July and August 2021. According to the Humanitarian Response Plan 2021, more than 1. 8 million children <5 years need nutritional assistance, including 1. 6 million children between 6-59 months for management of acute malnutrition and 178 228 children between 6-23 months for preventive supplementation.","2022-W04",2022-01-17,2022-01-23,"NER","Humanitarian crisisProtracted 12022-W04NER"," ",""
1,1,"Niger","Cholera","Grade 1","7-Aug-2021","7-Jun-2021","28-Dec-2021",5591,196,166,2.97,"","Ongoing","","As of 28 December 2021, a total of 5 591 cases including 166 deaths (CFR 3.0%) have been reported. Seven regions out of eight have reported cases so far (Tahoua, Niamey, Tillaberi, Dosso, Maradi Zinder and Diffa). To date  35 out of 72 health districts have reported cases with 0 health district currently active.","2022-W04",2022-01-17,2022-01-23,"NER","CholeraGrade 12022-W04NER"," ",""
0,0,"Niger","COVID-19","Grade 3","19-Mar-2020","19-Mar-2020","19-Jan-2022",8472,8472,293,3.46,"","Ongoing","","From 19 March 2020 to 19 January 2022, a total of 8 472 cases with  293 deaths have been reported across the country. A total of 7 476 recoveries have been reported from the country.","2022-W04",2022-01-17,2022-01-23,"NER","COVID-19Grade 32022-W04NER","https://who.maps.arcgis.com/apps/dashboards/0c9b3a8b68d0437a8cf28581e9c063a9",""
1,1,"Niger","Poliomyelitis (cVDPV2)","Grade 2","1-Jan-2020","1-Jan-2020","12-Jan-2022",20,20,0,0,"","Ongoing","","No cases of circulating vaccine-derived poliovirus type 2 (cVDPV2) were reported this week. There are 10 cases reported in 2021 and there were 10 cases reported in 2020.","2022-W04",2022-01-17,2022-01-23,"NER","Poliomyelitis (cVDPV2)Grade 22022-W04NER"," ",""
1,1,"Nigeria","Humanitarian crisis","Protracted 3","10-Oct-2016",,"31-Oct-2021",,,,,"","Ongoing","","In 2021, more than 8.7 million require humanitarian assistance in Borno, Adamawa, and Yobe states. Attacks in Nigeria have continued in LGAs of Borno, Adama, and Yobe (BAY) states making the North-Eastern part of the country volatile. As of 31 August 2021, there were 3 024 199 IDPs  according to UNHCR. As of 31 October 2021, there were 73 346 refugees from other countries within Nigeria with more than 68K (or 95%) coming from Cameroon. More than 2.1 million IDPs (72.5% of all IDPs in the country) are in the North-East, while the rest (27.5%) are in the North-West/North-Central part of the country. Of those in need of humanitarian assistance, many have limited access to basic health care and other essential services. Some 800K previously inaccessible individuals in need of nutrition and health care in Borno state are now reachable due to the liberation of these areas by military insurgence. Health conditions in this area exceed emergency thresholds for mortality and acute malnutrition.","2022-W04",2022-01-17,2022-01-23,"NGA","Humanitarian crisisProtracted 32022-W04NGA"," ",""
1,1,"Nigeria","Cholera","Grade 2","12-Jan-2021","12-Jan-2021","12-Dec-2021",107911,1506,3598,3.33,"","Ongoing","","As of 12 December 2021, a total of 107 911 suspected cases including 3 598 deaths (CFR 3.3%) have been reported from 33 states and FCT in 2021. Of the suspected cases since the beginning of the year, the 5-14 years age group is the most affected, while males and females are equally affected. Four states Bauchi (19 558 cases), Jigawa (15 141 cases), Kano (12 116 cases), and Zamfara (11 931 cases) account for 54% of all cumulative cases. Ten LGAs across five states Bauchi(4), Zamfara(4), Kano(1), and Katsina(1) have reported more than 1 000 cases each this year.","2022-W04",2022-01-17,2022-01-23,"NGA","CholeraGrade 22022-W04NGA"," ",""
0,0,"Nigeria","COVID-19","Grade 3","27-Feb-2020","27-Feb-2020","16-Jan-2022",250929,250929,3103,1.24,"","Ongoing","","The first case of COVID-19 was first detected in Nigeria on the 27 February 2020. As of 16 January 2022, a total of  250 929 confirmed cases with 224 052 recovered and 3 103 deaths have been reported.","2022-W04",2022-01-17,2022-01-23,"NGA","COVID-19Grade 32022-W04NGA","https://who.maps.arcgis.com/apps/dashboards/0c9b3a8b68d0437a8cf28581e9c063a9",""
1,1,"Nigeria","Lassa fever","Ungraded","1-Jan-2021","1-Jan-2021","16-Jan-2022",465,96,11,2.37,"","Ongoing","","Lassa fever is an endemic disease in Nigeria which is reportable through IHR. In week 2 of 2022, the number of new confirmed cases was 48. These were reported from Edo, Ondo, Bauchi, Benue, Kogi, Oyo, Taraba, and Ebonyi States. Cumulatively from week 1 to week 2 of 2022, a total of 96 confirmed cases including 11 deaths among confirmed cases have been reported with a case fatality rate of 11.5 % across 11 states. In total, 465 cases are suspected in 2022. This is higher than the same period reported in 2021. Of all confirmed cases, 74% are from Edo (31%), Ondo (21%) and Bauchi (22%) States.","2022-W04",2022-01-17,2022-01-23,"NGA","Lassa feverUngraded2022-W04NGA"," ",""
1,1,"Nigeria","Monkeypox","Ungraded","9-Sep-2021","1-Jan-2021","30-Nov-2021",93,31,0,0,"","Ongoing","","According to the Nigeria Centre for Disease Control (NCDC), in Nov 2021, five additional cases of suspected monkeypox were reported. Therefore in 2021, the total remains at 93 suspected cases reported since the beginning of the year. Of the suspected cases, 31 were confirmed from eight states Delta (8), Lagos (5), Bayelsa (6), Rivers (6), Edo (3), FCT (1), Niger (1), Ogun (1), and no deaths recorded from all states.","2022-W04",2022-01-17,2022-01-23,"NGA","MonkeypoxUngraded2022-W04NGA"," ",""
1,1,"Nigeria","Poliomyelitis (cVDPV2)","Grade 2","1-Jun-2018","1-Jan-2018","12-Jan-2022",471,407,0,0,"","Ongoing","","No cases were reported this week. There were 385 cases and 8 cVDPV2 positive environmental samples were reported in 2021.","2022-W04",2022-01-17,2022-01-23,"NGA","Poliomyelitis (cVDPV2)Grade 22022-W04NGA"," ",""
1,1,"Nigeria","Yellow fever","Grade 2","12-Sep-2017","1-Jan-2021","30-Dec-2021",42,42,2,4.76,"","Ongoing","","From 1 January 2021 to 30 December 2021, a total of 1 967 yellow fever (YF) suspected cases were reported in Nigeria. Of suspected cases, 42 tested positive for YF by plaque reduction neutralization test at Institut Pasteur in Dakar. Some PRNT-positive cases had a history of YF vaccination.","2022-W04",2022-01-17,2022-01-23,"NGA","Yellow feverGrade 22022-W04NGA"," ",""
0,0,"Rwanda","COVID-19","Grade 3","14-Mar-2020","14-Mar-2020","16-Jan-2022",125166,125166,1408,1.12,"","Ongoing","","The Rwanda Ministry of Health announced the confirmation of the first COVD-19 case on 14 March 2020. As of 17 January 2022, a total of 125 166 cases with 1 408 deaths and 112 011 recovered cases have been reported in the country.","2022-W04",2022-01-17,2022-01-23,"RWA","COVID-19Grade 32022-W04RWA","https://who.maps.arcgis.com/apps/dashboards/0c9b3a8b68d0437a8cf28581e9c063a9",""
1,1,"Sao Tome and Principe","Floods","Ungraded","30-Dec-2021","30-Dec-2021","30-Dec-2021",,,2,,"","Ongoing","","On 28 and 29 December 2021, after heavy rainfall during the day and night on the island of São Tomé, the rivers flooded and caused floods and landslides, affecting the entire island of São Tome, mainly the districts of Água Grande (the capital city with 40% of the country's population) and Lemba (8% of the population). Broken bridges and landslides have left inaccessible districts of Lemba, Cantagalo and Mezochi. Dwellings have been destroyed and washed away by floods. Such heavy rainfall has not been recorded for 30 years. Several communities are without access to drinking water due to the destruction of water pipes. So far, 2 deaths are reported and several missing persons.","2022-W04",2022-01-17,2022-01-23,"STP","FloodsUngraded2022-W04STP"," ",""
0,0,"Sao Tome and Principe","COVID-19","Grade 3","6-Apr-2020","6-Apr-2020","16-Jan-2022",5525,5525,66,1.19,"","Ongoing","","On 6 April 2020, the Ministry of Health of Sao Tome and Principe reported the country’s first case of COVID-19. As of 16 January 2022, a total of 5 525 confirmed cases of COVID-19 have been reported, including 66 deaths. A total of 4 054 cases have been reported as recoveries.","2022-W04",2022-01-17,2022-01-23,"STP","COVID-19Grade 32022-W04STP","https://who.maps.arcgis.com/apps/dashboards/0c9b3a8b68d0437a8cf28581e9c063a9",""
0,0,"Senegal","COVID-19","Grade 3","02-Mar-2020","2-Mar-2020","16-Jan-2022",82712,82712,1908,2.31,"","Ongoing","","From 2 March 2020 to 16 January 2022, a total of 82 712 confirmed cases of COVID-19 including 1 908 deaths and 75 619 recoveries have been reported in Senegal.","2022-W04",2022-01-17,2022-01-23,"SEN","COVID-19Grade 32022-W04SEN","https://who.maps.arcgis.com/apps/dashboards/0c9b3a8b68d0437a8cf28581e9c063a9",""
1,1,"Senegal","Poliomyelitis (cVDPV2)","Grade 2","","4-Apr-2021","5-Jan-2022",17,17,0,0,"","Ongoing","","One case of circulating vaccine-derived poliovirus type 2 (cVDPV2) was reported this week in Matam. There are 17 cases reported in 2021.","2022-W04",2022-01-17,2022-01-23,"SEN","Poliomyelitis (cVDPV2)Grade 22022-W04SEN"," ",""
0,0,"Seychelles","COVID-19","Grade 3","14-Mar-2020","14-Mar-2020","7-Jan-2022",27576,27576,126,0.46,"","Ongoing","","Since the first COVID-19 confirmed cases were reported in Seychelles 14 March 2020, as of 7 January 2022 a total of 27 576 cases have been confirmed, including 24 454  recoveries and 126 deaths have been reported.","2022-W04",2022-01-17,2022-01-23,"SYC","COVID-19Grade 32022-W04SYC","https://who.maps.arcgis.com/apps/dashboards/0c9b3a8b68d0437a8cf28581e9c063a9",""
1,1,"Sierra Leone","Mass fire incident","Ungraded","5-Nov-2021","6-Nov-2021","6-Dec-2021",304,304,151,49.67,"","Ongoing","","On 20 November 2021, there was a mass fire accident involving a fuel tank that ruptured its tanks after a collision with another vehicle. The fuel ignited and caused a mass burn affecting a number of persons with various degrees of burns including instant deaths. As of 6 December 2021, 304 victims were reported on with 151 deaths and 27 are currently in admission. So far 64 patients have been discharged and are being treated as outpatients for burns.","2022-W04",2022-01-17,2022-01-23,"SLE","Mass fire incidentUngraded2022-W04SLE"," ",""
0,0,"Sierra Leone","COVID-19","Grade 3","31-Mar-2020","27-Mar-2020","9-Jan-2022",7448,7448,124,1.66,"","Ongoing","","On 31 March 2020, the President of Sierra Leone reported the first confirmed COVID-19 case in the country. As of 9 January 2022, a total 7 179 confirmed COVID-19 cases were reported in the country including 123 deaths and 4 425 recovered cases.","2022-W04",2022-01-17,2022-01-23,"SLE","COVID-19Grade 32022-W04SLE","https://www.arcgis.com/apps/dashboards/e5d453431c2143639d2ea3ef585e20a6",""
1,1,"Sierra Leone","Lassa fever","Ungraded","12-Feb-2021","1-Jan-2021","30-Nov-2021",16,14,9,56.25,"","Ongoing","","As of 30 November 2021, 16 cases of Lassa fever have been reported from Kenema (12) and Kailahun (2) districts since the beginning of 2021. Of these 9 of the cases have died yielding CFR of 56.3%. Lassa fever is known to be endemic in Sierra Leone and surrounding countries.","2022-W04",2022-01-17,2022-01-23,"SLE","Lassa feverUngraded2022-W04SLE"," ",""
1,1,"Sierra Leone","Measles","Ungraded","1-Nov-2021","27-Oct-2021","9-Dec-2021",70,5,0,0,"","Ongoing","","On 29 October 2021, Sierra Leone's Ministry of Health and Sanitation declared a measles outbreak in Kambia District following the confirmation of three cases at the Central Public Health Reference Laboratory (CPHRL) in Freetown. The date of onset of symptoms for the first two cases was 11 October 2021. As of 31 October 2021, 70 cases of which 5 confirmed, 0 deaths and 70 recovered have been reported.","2022-W04",2022-01-17,2022-01-23,"SLE","MeaslesUngraded2022-W04SLE"," ",""
1,1,"Sierra Leone","Poliomyelitis (cVDPV2)","Grade 2","10-Dec-2020","10-Dec-2020","5-Jan-2022",15,15,,,"","Ongoing","","No new cases of circulating vaccine-derived poliovirus type 2 (cVDPV2) reported this week. Five cases were reported in 2021, and 10 were reported in 2020.","2022-W04",2022-01-17,2022-01-23,"SLE","Poliomyelitis (cVDPV2)Grade 22022-W04SLE"," ",""
0,0,"South Africa","COVID-19","Grade 3","5-Mar-2020","3-Mar-2020","19-Jan-2022",3568900,3568900,93707,2.63,"","Ongoing","","Since the start of the COVID-19 pandemic in South Africa by 19 January 2022, a cumulative total of 3 568 900 confirmed cases and 93 707 deaths have been reported with  3 390 027 recoveries.","2022-W04",2022-01-17,2022-01-23,"ZAF","COVID-19Grade 32022-W04ZAF","https://who.maps.arcgis.com/apps/dashboards/0c9b3a8b68d0437a8cf28581e9c063a9",""
1,1,"South Sudan","Acute Food Insecurity","Grade 2","18-Dec-2020","5-Apr-2021","30-Nov-2021",,,,,"","Ongoing","","According to the World Food Programme an estimated 7.2 million people (60% of the country’s total population) faced crisis levels of food insecurity phase (IPC) 3 or worse from April to July 2021- a figure that increased by 25% compared to the previous three months. Of the total number, 108K are in IPC 5, 2.4 are in IPC 4, and 4.6 million are in IPC 3. The total number includes 1.9 million acutely malnourished women and children suffering and 1.71 million internally displaced people. The six most affected counties are Pibor, Akobo, Aweil South, Tonj North, Tonj South and Tonj East. In 2021, the World Food Programme has reached some 498 887 flood-affected people with food and nutrition assistance.","2022-W04",2022-01-17,2022-01-23,"SSD","Acute Food InsecurityGrade 22022-W04SSD"," ",""
1,1,"South Sudan","Floods","Grade 2","15-Jul-2021","1-May-2021","15-Dec-2021",,,,,"","Ongoing","","The escalating flooding began in May 2021 and has affected over 835 000 people in areas along the Nile and Lol rivers and Sudd marshlands as of 15 December 2021. Flooding has affected over 33 counties across 8 states with communities in Jonglei, Upper Nile and Unity states being the most affected. A rapidly worsening situation was noted in October 2021 with a significant increase in the number of people and locations affected by flooding in Jonglei State (305 000 people affected), Unity State (220 000 people affected), and Upper Nile (141 000 people affected).","2022-W04",2022-01-17,2022-01-23,"SSD","FloodsGrade 22022-W04SSD"," ",""
1,1,"South Sudan","Humanitarian crisis","Protracted 3","15-Aug-2016",,"30-Nov-2021",,,,,"","Ongoing","","The long-standing and complex humanitarian crisis in South Sudan continues. From the start of 2021, there is a total of 8.3 million people in need of humanitarian assistance and 2 017 236 million people internally displaced as of 30 November 2021. On 1 December 2021, armed youth and men from Mayendit and Leer clashed in Leer, Unity State, with fighting continuing over several days. Health and nutrition facilities in Gandor, Guat, Luol and Padeah on Unity state were looted. Sub-national violence in Tambura County, Western Equatoria, has displaced some 80 000 people since June also impacting health services in the area. There is also sub-national violence in Tonj East and Tonj North counties of Warrap State. In Pibor and Renk, youth group violence has risen on the issue of lack of employment stopping humanitarian operations, however they have now resumed following a negotiation.","2022-W04",2022-01-17,2022-01-23,"SSD","Humanitarian crisisProtracted 32022-W04SSD"," ",""
0,0,"South Sudan","COVID-19","Grade 3","5-Apr-2020","5-Apr-2020","16-Jan-2022",16533,16533,136,0.82,"","Ongoing","","On 5 April 2020, the Ministry of Health of South Sudan reported the country’s first case of COVID-19. As of 16 January 2022, a total of 16 533 confirmed COVID-19 cases were reported in the country including 136 deaths and 12 934 recovered cases.","2022-W04",2022-01-17,2022-01-23,"SSD","COVID-19Grade 32022-W04SSD","https://who.maps.arcgis.com/apps/dashboards/0c9b3a8b68d0437a8cf28581e9c063a9",""
1,1,"South Sudan","Hepatitis E","Ungraded","3-Jan-2018","3-Jan-2018","19-Dec-2021",1813,104,12,0.66,"","Ongoing","","The current outbreak in the Bentiu IDP camp is ongoing. As of 19 Dec 2021, a total of 1 813 cases of hepatitis E including 12 deaths (CFR: 0.7%) have been reported since Jan 2018. Hepatitis E cases have been above the epidemic threshold since week 19 of 2021. In week 50 of 2021, 20 cases were reported.","2022-W04",2022-01-17,2022-01-23,"SSD","Hepatitis EUngraded2022-W04SSD"," ",""
1,1,"South Sudan","Malaria","Ungraded","28-Dec-2021","1-Jan-2021","19-Dec-2021",3707252,,2963,0.08,"","Ongoing","","Between epidemiological weeks 1 and 51 of 2021 (ending 19 December), 3 707 252 malaria cases including 2 963 deaths were reported. Epidemic thresholds have been exceeded in several districts in the states with an upsurge occurring in Fangak County of Jonglei state.","2022-W04",2022-01-17,2022-01-23,"SSD","MalariaUngraded2022-W04SSD"," ",""
1,1,"South Sudan","Measles","Ungraded","24-Nov-2018","19-Sep-2019","28-Nov-2021",1313,151,2,0.15,"","Ongoing","","In 2021, the Measles Outbreak has been suspected in Western Equatoria State. WES started to report cases of suspected Measles in week 2, 2021. Up to week 47 2021 a total of 151 cases have been listed. There was (2) new cases reported in week 47. No deaths were reported, 51% are female and 49% are male. Less than 5 years of age is 34%. Since week 38 of 2019 to 2020, a total of 1 313  cases of measles were reported including 52 confirmed cases and two deaths, the outbreak is controlled in 9 counties (Tonj East, Juba, Bor, Kapoeta East, Jebel Boma, Aweil East, Wau, Pibor and Ibba).","2022-W04",2022-01-17,2022-01-23,"SSD","MeaslesUngraded2022-W04SSD"," ",""
1,1,"South Sudan","Poliomyelitis (cVDPV2)","Grade 2","22-Oct-2020","22-Oct-2020","24-Dec-2021",59,59,0,0,"","Ongoing","","No case of circulating vaccine-derived poliovirus type 2 (cVDPV2) was reported this week. There are 59 cVDPV2 cases in the country; 9 in 2021 and 50 in 2020.","2022-W04",2022-01-17,2022-01-23,"SSD","Poliomyelitis (cVDPV2)Grade 22022-W04SSD"," ",""
0,0,"Tanzania, United Republic of","COVID-19","Grade 3","16-Mar-2020","16-Mar-2020","7-Jan-2022",31395,31395,745,2.37,"","Ongoing","","The Ministry of Health, Community Health, Community Development, Gender, Elderly and Children in Tanzania reported the country’s first case of COVID-19 on 16 March 2020. As of 7 January 2022, a total of 31 395 cases have been reported in Tanzania Mainland including 745 deaths.","2022-W04",2022-01-17,2022-01-23,"TZA","COVID-19Grade 32022-W04TZA","https://who.maps.arcgis.com/apps/dashboards/0c9b3a8b68d0437a8cf28581e9c063a9",""
0,0,"Togo","COVID-19","Grade 3","6-Mar-2020","1-Mar-2020","16-Jan-2022",35950,35950,261,0.73,"","Ongoing","","On 6 March 2020, the Ministry of Health and Public Hygiene of Togo announced the confirmation of its first case of COVID-19. As of 16 January 2022, a total of 35 950 cases including 261 deaths and 28 934 recovered cases have been reported in the country.","2022-W04",2022-01-17,2022-01-23,"TGO","COVID-19Grade 32022-W04TGO","https://www.arcgis.com/apps/dashboards/bdb8713ec88a41a68c5c6687f2e035c6",""
1,1,"Togo","Poliomyelitis (cVDPV2)","Grade 2","18-Oct-2019","13-Sep-2019","12-Jan-2022",17,17,0,0,"","Ongoing","","No new case of cVDPV2 was reported during the past week. There were nine cases in 2020 while the total number of cVDPV2 cases reported in 2019 remains eight.","2022-W04",2022-01-17,2022-01-23,"TGO","Poliomyelitis (cVDPV2)Grade 22022-W04TGO"," ",""
0,0,"Uganda","COVID-19","Grade 3","21-Mar-2020","21-Mar-2020","15-Jan-2022",158743,158743,3424,2.16,"","Ongoing","","The first COVID-19 confirmed case was reported in Uganda on 21 March 2020. As of 15 January 2022, a total of 158 743 confirmed COVID-19 cases, 98 921 recoveries with 3 424 deaths.","2022-W04",2022-01-17,2022-01-23,"UGA","COVID-19Grade 32022-W04UGA","https://who.maps.arcgis.com/apps/dashboards/0c9b3a8b68d0437a8cf28581e9c063a9",""
1,1,"Uganda","Rift Valley fever","Ungraded","14-Jan-2022","12-Jan-2022","15-Jan-2022",1,1,1,100,"","Ongoing","","On 12 January 2022, the Uganda Ministry of Health was notified of a confirmed case of Rift Valley fever. The patient was a 35-year-olde male, resident of Kihura village, Mabare subcounty, Kagadi district. The date of onset was 2 January 2022 and he presented with fever, general body weakness and unexplained bleeding in vomitus, stool and cough. He was admitted successively in 2 hospitals and died on 10 January 2022.","2022-W04",2022-01-17,2022-01-23,"UGA","Rift Valley feverUngraded2022-W04UGA"," ",""
0,0,"Zambia","COVID-19","Grade 3","18-Mar-2020","18-Mar-2020","16-Jan-2022",296132,296132,3860,1.3,"","Ongoing","","The first COVID-19 confirmed case was reported in Zambia on 18 March 2020. As of 16 January 2022, a total of  296 132 confirmed COVID-19 cases were reported in the country including 3 860 deaths and 257 975 recovered cases.","2022-W04",2022-01-17,2022-01-23,"ZMB","COVID-19Grade 32022-W04ZMB","https://who.maps.arcgis.com/apps/dashboards/0c9b3a8b68d0437a8cf28581e9c063a9",""
1,1,"Zimbabwe","Anthrax","Ungraded","6-May-2019","6-May-2019","12-Dec-2021",992,0,3,0.3,"","Ongoing","","The anthrax outbreak is ongoing in Zimbabwe. Thirteen new anthrax cases and no death were reported in week 49 of 2021 ending on 12 December 2021. The cases were reported by Gokwe North District in Midlands Province. From Week 1 to 49 of 2021, the cumulative figures for anthrax are 279 cases and 0 deaths. This outbreak started in Week 36 of 2019, affecting mainly Buhera and Gokwe North and South districts but a surge in cases started appearing in week 38 when cases were reported in some other areas. The cumulative figures for anthrax are 747 cases and 3 deaths in 2020.","2022-W04",2022-01-17,2022-01-23,"ZWE","AnthraxUngraded2022-W04ZWE"," ",""
0,0,"Zimbabwe","COVID-19","Grade 3","20-Mar-2020","20-Mar-2020","16-Jan-2022",226078,226078,5247,2.32,"","Ongoing","","The first COVID-19 confirmed case was reported in Zimbabwe on 20 March 2020. As of 16 January 2022, a total of 226 078 confirmed COVID-19 cases were reported in the country including 5 247 deaths and 207 102 cases that recovered.","2022-W04",2022-01-17,2022-01-23,"ZWE","COVID-19Grade 32022-W04ZWE","https://who.maps.arcgis.com/apps/dashboards/0c9b3a8b68d0437a8cf28581e9c063a9",""
